"margine","numero_proprietari","numero_tempo_pieno","numero_part_time","numero_ausiliari","ore_settimanali","ore_per_settimana","investimento_locali","investimento_automazione","dimensione_negozio","obiettivo_vendite"
41,1,1,1,1.5357,76,16.75596,17166.67,27177.04,170,"no"
39,2,2,3,1.5357,192,22.49376,17166.67,27177.04,450,"no"
40,1,2,2.2222,1.4091,114,17.1912,292857.2,71570.55,300,"no"
40,1,1,1.2833,1.3673,100,21.5026,22207.04,15000,260,"no"
44,2,1.9556,1.2833,1.3673,104,15.74279,22207.04,10000,50,"si"
41,2,1.9556,1.2833,1.3673,72,10.89885,22207.04,22859.85,90,"no"
39,1.2228,1,3,4,161,17.45674,22207.04,22859.85,400,"no"
28,2,1.9556,1.2833,1.3673,80,12.10984,22207.04,22859.85,100,"no"
41,1,3,2.2222,1.4091,158,20.7042,292857.2,5000,450,"no"
37,1,1.9556,1.2833,1,87,16.60654,22207.04,22859.85,75,"si"
32,1,1,1,1.5357,156,34.39381,17166.67,27177.04,120,"si"
30,1,1.9556,1,1.3673,40,7.5147,22207.04,5000,40,"no"
39,1,2.2656,1,1.3333,96,17.14622,62269.23,16624.89,90,"no"
37,1,5,1,1,305,38.125,62269.23,10000,110,"si"
34,1,2.2656,2.0741,1.3333,92,13.7869,62269.23,16624.89,40,"si"
44,1,1,1.2833,1.3673,80,17.20208,22207.04,12700,200,"no"
33,1,1.9556,1,1.3673,124,23.29557,22207.04,22859.85,90,"si"
49,1,1.9556,1.2833,1.3673,69,12.3078,22207.04,3500,70,"no"
41,2,1.9556,1.2833,1.3673,60,9.082377,22207.04,50000,95,"no"
41,1,1.9556,1.2833,1.3673,65,11.59431,22207.04,22859.85,70,"no"
40,2,1.9556,1.2833,1.3673,86,13.01807,22207.04,2000,125,"no"
44,1,2,1.5946,1.5357,116,18.9224,5000,15000,170,"no"
45,1,5,3,1.4091,270,25.93884,292857.2,71570.55,250,"no"
21,1,1.9556,1.2833,1.3673,40,7.134958,22207.04,22859.85,60,"no"
39,1,1.9556,1.2833,2,99,15.86818,22207.04,22859.85,95,"no"
35,1,2,2.0741,1.3333,124,19.35262,62269.23,20000,160,"no"
37,1,1,1.2833,3,120,19.09824,5000,22859.85,135,"si"
46,2,1.9556,1.2833,1.3673,136,20.58672,22207.04,22859.85,55,"si"
39,1,2.2656,2.0741,1.3333,95,14.23647,5000,35000,110,"no"
44,1,4.359,2,1.4091,84,9.580183,292857.2,71570.55,120,"no"
30,1,1.9556,1.2833,1.3673,50,8.918697,22207.04,22859.85,45,"no"
41,2,1.9231,1.5946,1.5357,86,12.1927,17166.67,27177.04,100,"no"
42,4,3,1,1.3333,190,20.35722,180000,1e+05,140,"si"
38,1,1.9556,1.2833,1.3673,80,14.26992,5000,5000,110,"si"
41,1,1,2.0741,1,128,25.22615,62269.23,3000,155,"si"
35,1,1.9556,1,1.3673,48,9.017641,22207.04,5000,50,"no"
41,1,1,1,1.3673,98,22.43949,22207.04,22859.85,220,"no"
35,1,1.9556,1.2833,1.3673,43,7.67008,2850,3640,71,"no"
40,1,1,2.2222,1,96,18.38306,292857.2,71570.55,140,"si"
39,2,1.9556,1.2833,1.3673,95,14.38043,22207.04,30000,130,"no"
39,2,1.9556,1.2833,1.3673,55,8.325512,22207.04,2000,44,"si"
35,1,1.9231,1,1.5357,64,11.72419,17166.67,27177.04,80,"no"
46,1,1,1,1.3333,118,27.23098,62269.23,1200,121,"si"
49,2,1,1,1.3673,141,26.27019,5000,1000,200,"no"
39,1,3,2,2,204,25.5,2000,5000,340,"no"
31,2,1,1,1.3673,126,23.47549,22207.04,22859.85,160,"si"
31,2,2.2656,1,1,144,22.98264,20000,5000,140,"no"
31,1,1,1.2833,1.3673,110,23.65286,22207.04,5000,115,"no"
25,1,3,1,1.3673,192,30.15407,230000,15000,400,"no"
41,1,2.2656,1,1.3333,80,14.28852,8000,16624.89,95,"si"
39,2,3,1,1.5357,183,24.28441,17166.67,10000,190,"no"
30,1,1,2.0741,1.3333,100,18.49318,62269.23,16624.89,140,"no"
44,2,2.2656,2.0741,1,104,14.16952,62269.23,16624.89,75,"si"
47,1,4,1.2833,1.3673,282,36.85986,22207.04,10000,200,"si"
37,2,4.359,2.2222,1.4091,86,8.60835,292857.2,71570.55,60,"si"
40,1,2,2.0741,1.3333,114,17.79193,62269.23,16624.89,300,"no"
39,2,2.2656,2.0741,1.3333,80,10.42617,62269.23,16624.89,140,"no"
41,1,5,1.2833,1.3673,228,26.35655,22207.04,22859.85,150,"si"
41,2,1,2.0741,1.3333,88,13.73412,25000,16624.89,120,"no"
41,2,2,2.0741,1.3333,126,17.01002,62269.23,16624.89,280,"no"
41,1,1.9231,1,1,62,12.59369,2500,2500,90,"si"
37,1,1.9556,1.2833,1.3673,43,7.67008,22207.04,22859.85,40,"no"
43,1,1.9556,1,1,78,15.73977,22207.04,5000,65,"si"
39,1,2,1.5946,1.5357,117,19.08553,17166.67,27177.04,90,"no"
37.4615,1,1.9556,1.2833,1.3673,70,12.48618,1300,22859.85,40,"no"
41,1,1,1.2833,1.3673,81,17.41711,22207.04,22859.85,120,"no"
40,1,2.2656,2.0741,2,80,10.89963,62269.23,3000,200,"no"
38,2,2,1.5946,1,166,25.17211,17166.67,27177.04,300,"no"
39,2,5,2.2222,1.4091,280,26.33732,4e+05,4e+05,500,"no"
41,2,1.9556,1.2833,1.3673,100,15.1373,22207.04,22859.85,130,"no"
33,1,1.9231,1,1,110,22.34365,17166.67,27177.04,150,"no"
41,1,1,1.2833,1.3673,81,17.41711,22207.04,22859.85,225,"no"
41,1,1.9231,1.5946,1.5357,82,13.54611,17166.67,27177.04,210,"no"
38,2,1.9231,1.5946,1.5357,104,14.74466,17166.67,2250,110,"no"
37,1,1.9556,1.2833,1.3673,43,7.67008,22207.04,22859.85,35,"si"
37,1,1.9556,1.2833,1.3673,104,18.55089,22207.04,22859.85,113,"no"
31,1,1.9556,1,1.3673,66,12.39926,22207.04,22859.85,80,"no"
35,1,1,1.2833,1,63,14.70829,22207.04,1000,100,"no"
39,1,1.9556,1.2833,1,63,12.02542,22207.04,1250,90,"no"
37,1,1.9231,1.5946,1,84,15.22373,17166.67,150000,140,"no"
47,1,5,3,1,296,29.6,292857.2,20000,370,"no"
42,1.2228,2,2,1,122,19.60532,22207.04,22859.85,100,"si"
42,1.2228,3,2,1.3673,154,20.28959,22207.04,22859.85,70,"si"
42,1.2228,3,2,1,148,20.49067,22207.04,15000,70,"si"
37,2,1.9231,1,1.5357,152,23.53378,17166.67,27177.04,120,"no"
45,1.2228,5,1,1.3673,210,24.44675,22207.04,11500,140,"si"
37.4615,1,1.9556,1.2833,1.3673,100,17.83739,22207.04,22859.85,40,"si"
45,2,1.9556,1.2833,1.3673,104,15.74279,22207.04,1000,96,"si"
43,1,1,1.5946,1.5357,130,25.33965,1000,27177.04,85,"si"
37.4615,1,1.9556,1.2833,1.3673,43,7.67008,22207.04,22859.85,100,"no"
41,1,1,1.2833,1.3673,90,19.35234,22207.04,22859.85,200,"no"
39,1,1.9231,1.5946,1.5357,132,21.80593,17166.67,27177.04,50,"si"
36,1,1.9556,1.2833,1,90,17.17918,190000,22859.85,90,"si"
32,1,1.9556,1.2833,2,92,14.74619,22207.04,22859.85,150,"no"
39,1,1.9556,2,1.3673,104,16.44815,22207.04,22859.85,200,"no"
49,1,1.9556,1.2833,1.3673,65,11.59431,22207.04,22859.85,60,"no"
39,1,1.9556,1.2833,1,88,16.79742,20000,20000,100,"si"
37,1,1.9556,1,1.3673,74,13.9022,22207.04,5000,100,"no"
42,1,2.2656,2.0741,1,61,9.621906,62269.23,16624.89,90,"si"
45,2,2,2,1.5357,162,21.49767,17000,2500,140,"si"
36,2,2.2656,2.0741,1.3333,80,10.42617,325000,16624.89,180,"no"
39,1,2.2656,2.0741,1.3333,120,17.98292,62269.23,16624.89,250,"no"
31,1,2.2656,2.0741,1.3333,72,10.78975,62269.23,16624.89,110,"no"
41,1,1.9556,1,1.3673,52,9.769111,22207.04,22859.85,80,"no"
42,1,1,1,1.3333,126,29.07715,350000,16624.89,160,"no"
38,1,1,2.0741,1.3333,80,14.79454,62269.23,16624.89,30,"si"
41,2,2.2656,1,1.3333,108,16.36636,62269.23,16624.89,119,"no"
41,1,1.9556,1,1.3673,71,13.33859,10000,5000,80,"no"
41,1,1.9556,1,1.3673,62,11.64779,22207.04,22859.85,60,"si"
39,2,1.9556,2,1.3673,125,17.06974,1e+05,10000,160,"no"
41,1,1,2,1.5357,188,33.96138,17166.67,27177.04,240,"no"
41,1,1.9556,1.2833,1.3673,52,9.275445,22207.04,22859.85,80,"no"
41,2,2,2.2222,1.4091,128,16.77303,292857.2,5800,136,"si"
40,1,2.2656,2.0741,1,63,9.937379,62269.23,16624.89,189,"no"
33,1,1.9556,1.2833,1.3673,62,11.05918,22207.04,22859.85,16,"no"
25,1,1.9556,1.2833,1.3673,32,5.707966,2500,22859.85,80,"no"
41,2,5,2.0741,1.3333,271,26.03916,62000,14000,600,"no"
44,1,1,1.2833,1.3673,72,15.48187,22207.04,22859.85,100,"si"
41,1,1,1,1.3673,118,27.01898,22207.04,10000,210,"no"
33,1,1.9556,1.2833,1.3673,42,7.491705,6750,1500,90,"no"
37,1,1,2.0741,1.3333,87,16.08906,62269.23,1250,90,"si"
37,1,2,1.2833,1.3673,122,21.59063,22207.04,1200,350,"no"
40,1,1,3,1.3333,114,18.0001,62269.23,14500,125,"no"
28,1,1,2.2222,1.4091,117,20.77673,1500000,3e+05,350,"no"
43,1,1.9556,1.2833,1.3673,100,17.83739,10000,3000,140,"no"
31,1,1.9556,1.2833,1.3673,72,12.84292,2000,3000,165,"no"
28,2,1.9556,1.2833,1.3673,100,15.1373,22207.04,22859.85,150,"no"
38,1,5,1.2833,1,244,29.45686,22207.04,22859.85,360,"si"
38,1,1.9556,1.2833,1,51,9.734868,22207.04,2500,140,"no"
41,2,1,2,1.3673,142,22.30145,22207.04,22859.85,150,"si"
33,2,2.2656,2.0741,1,151,20.57305,62269.23,16624.89,170,"no"
39,1,2.2656,2.0741,1,102,16.08909,62269.23,15000,140,"no"
43,1,1.9231,1.5946,1.5357,75,12.38973,17166.67,600,180,"no"
39,2,2.2656,2.0741,1.3333,70,9.122898,230000,3500,100,"no"
39,1,2,1.2833,1.3673,160,28.31558,22207.04,22859.85,115,"si"
41,1,1,2.2222,1.4091,92,16.33726,292857.2,71570.55,70,"si"
42,2,1.9231,1,1.5357,120,18.5793,17166.67,5000,80,"si"
36,1,1,1.5946,1.5357,104,20.27172,17166.67,1800,140,"no"
39,2,2.2656,2.0741,1,124,16.89442,62269.23,5000,130,"no"
41,1,2.2656,2,1.3333,100,15.15404,2000,2000,185,"no"
44,1,2,2,2,175,25,292857.2,25000,175,"si"
37,1,1.9556,1.2833,1.3673,62,11.05918,22207.04,22859.85,50,"no"
35,2,2.2656,2.0741,1,318,43.32602,150000,16624.89,80,"si"
31,1,1.9556,1.2833,1.3673,80,14.26992,22207.04,22859.85,50,"si"
40,2,2,2.2222,1,180,24.92315,5000,1000,200,"no"
39,2,1.9556,1.2833,1.3673,120,18.16475,22207.04,22859.85,60,"si"
41,1,1,1,1.3333,132,30.46177,62269.23,6000,160,"si"
42,1,1.9556,1,1.3673,72,13.52646,22207.04,22859.85,170,"no"
52,1,1.9556,1.2833,1.3673,120,21.40487,5000,2500,100,"si"
33,1,2,2.0741,1.3333,116,18.10407,62269.23,2000,218,"si"
42,1,1.9231,1.5946,1.5357,86,14.20689,17166.67,27177.04,70,"no"
34,1,1.9556,1.2833,1,80,15.27038,22207.04,6500,120,"no"
16,1.2228,4,1,4,199,19.46629,22207.04,22859.85,240,"si"
41,2,4,1.2833,1.3673,240,27.74374,22207.04,30000,110,"si"
38,1,1.9556,1.2833,1.3673,62,11.05918,22207.04,80000,80,"si"
33,2,2.2656,1,1.3333,114,17.27561,62269.23,16624.89,80,"si"
42,2,1,1.5946,1,103,18.41061,17166.67,8500,275,"no"
35,1,1,1.2833,1,91,21.2453,22207.04,25000,104,"si"
41,1.2228,1,1,1.3673,65,14.16091,22207.04,5000,75,"si"
42,1.3238,1,2,1,96,18.03223,62269.23,16624.89,120,"no"
41,1,1.9556,1.2833,1,51,9.734868,22207.04,22859.85,55,"no"
41,1,1.9556,1.2833,1,51,9.734868,22207.04,22859.85,32,"si"
35,1,1.9556,1.2833,1.3673,40,7.134958,22207.04,22859.85,52,"no"
41,1,2,2,1.5357,147,22.49185,17166.67,27177.04,100,"si"
34,1,1.9556,1.2833,1,85,16.22478,9000,2000,80,"si"
49,1,1.9231,1.5946,1,75,13.59262,4500,27177.04,160,"no"
49,1,1,2.0741,2,111,18.27431,62269.23,16624.89,200,"si"
31,1,1.9556,1.2833,1.3673,82,14.62666,22207.04,22859.85,150,"no"
37,1,1.9556,1.2833,1,71,13.55246,22207.04,1200,80,"no"
44,1,2.2656,1,1,98,18.61136,62269.23,16624.89,180,"no"
41,1,2,2,1.3333,184,29.05278,20000,16624.89,265,"si"
35,1,2,1,2,174,29,22207.04,80000,280,"no"
37.4615,1,1.9556,1.2833,1.3673,71,12.66455,22207.04,22859.85,50,"si"
38,1,1,2.0741,1.3333,131,24.22606,62269.23,16624.89,200,"no"
39,2,1,2.0741,1,128,21.07308,62269.23,16624.89,225,"no"
44,2,1,1.2833,1.3673,120,21.23668,2500,2500,100,"no"
41,1,1,1.2833,1.3673,98,21.07255,22207.04,22859.85,100,"si"
33,1,1.9556,1.2833,2,78,12.5022,22207.04,10000,130,"no"
39,1,1.9556,1.2833,1.3673,104,18.55089,22207.04,22859.85,98,"si"
30,1,2.2656,2.0741,1,59,9.306434,62269.23,16624.89,120,"no"
36,2,3,1.5946,4,192,18.12244,20000,45000,200,"no"
39,1,1,1,1.3333,94,21.69247,2000,16624.89,320,"no"
41,1,1.9556,1.2833,1,63,12.02542,22207.04,22859.85,110,"no"
44,1,3,1,1.4091,196,30.58152,292857.2,71570.55,200,"no"
40,1,1,2,1,144,28.8,17166.67,27177.04,200,"no"
44,1,5,4,1.4091,297,26.03185,292857.2,71570.55,150,"si"
66,1,4,3,1,313,34.77778,17166.67,72000,410,"no"
32,2,1,1.2833,1.3673,90,15.92751,22207.04,22859.85,110,"no"
39,1,4.359,2.2222,1.4091,150,16.68465,292857.2,71570.55,70,"si"
34,2,1.9231,1.5946,2,86,11.43967,17166.67,27177.04,150,"no"
41,1,4,1.2833,1.3673,191,24.96536,25000,25000,100,"si"
37.4615,1,1.9556,1.2833,1.3673,104,18.55089,80000,22859.85,25,"si"
38,1,1,1.2833,1.3673,120,25.80312,22207.04,22859.85,80,"si"
28,2,3,1,1.3673,212,28.77581,22207.04,5000,268,"no"
37,1,1,1,1.3333,128,29.53869,62269.23,16624.89,90,"si"
40,1,1.9556,1.2833,2,97,15.54761,50000,275000,150,"si"
38,1,1.9556,2,1.3673,93,14.70844,22207.04,22859.85,80,"si"
41,1.2228,2,1.2833,1.3673,80,13.62073,22207.04,22859.85,75,"si"
42,1,1,3,1.3333,102,16.10535,62269.23,16624.89,210,"no"
44,1,1,3,1.3333,102,16.10535,62269.23,16624.89,140,"no"
44,1,1,2,1,92,18.4,62269.23,5000,140,"no"
42,3,2,1,1,297,42.42857,22207.04,4e+05,400,"no"
41,1,1.9556,1.2833,1.3673,90,16.05366,22207.04,22859.85,80,"no"
43,2,1,2,1.3333,179,28.26331,62269.23,13000,160,"si"
39,1.3238,1,2,1.3333,74,13.08091,30000,10000,180,"no"
40,1.3238,3,2,1.3333,142,18.54488,62269.23,20000,340,"no"
40,1,3,1.2833,1.3673,160,24.05798,22207.04,9000,100,"si"
43,1,4,1,1,236,33.71429,292857.2,60000,220,"si"
44,1,1.9556,1.2833,1.3673,80,14.26992,22207.04,22859.85,108,"si"
39,1,1,1.5946,1.5357,81,15.78855,17166.67,27177.04,100,"no"
39,1,3,1.2833,1.3673,170,25.5616,1e+05,150000,110,"si"
37,1,1,2,1.3333,120,22.50014,62269.23,75000,120,"no"
31,2,1,1,1.3673,116,21.61236,22207.04,22859.85,160,"no"
40,1,1.9231,1,1.5357,114,20.88371,11000,27177.04,120,"no"
39,1,1.9231,1.5946,1.5357,70,11.56375,17166.67,27177.04,135,"no"
38,1,1,1.2833,1.3673,90,19.35234,15000,15000,120,"no"
21,1,1.9556,1.2833,1.3673,45,8.026828,22207.04,22859.85,85,"no"
41,1,2,1,1.4091,190,35.12599,1000,71570.55,190,"no"
41,1,2,2,1.3333,170,26.84225,62269.23,16624.89,335,"no"
41,2,2,1.5946,1.5357,160,22.43945,17166.67,27177.04,450,"no"
40,1,1.9556,1,1.3673,63,11.83565,22207.04,22859.85,100,"no"
40,2,1,1,1.5357,135,24.38716,15000,27177.04,140,"si"
41,1,1,1.2833,1.3673,139,29.88862,22207.04,10000,110,"si"
36,1,1.9556,1.2833,1.3673,60,10.70244,22207.04,22859.85,25,"si"
35,2,2.2656,2.0741,1.3333,100,13.03271,62269.23,16624.89,125,"si"
36,1,1,2,1,145,29,62269.23,8000,225,"no"
28,1,1.9556,1,1,68,13.72185,22207.04,22859.85,80,"si"
44,1,2,1.5946,1,146,26.09659,17166.67,27177.04,150,"no"
35,2,1,1,1.5357,142,25.65168,17166.67,27177.04,300,"no"
41,2,2.2656,2,1.3333,126,16.58135,62269.23,16624.89,380,"no"
37,2,1.9556,1.2833,1.3673,86,13.01807,2000,4000,80,"si"
37,1,1.9231,1,1,88,17.87492,17166.67,10000,130,"no"
40,1,5,1.2833,1.3673,240,27.74374,22207.04,101552,700,"no"
45,2,1.9556,1,1,116,19.47747,10000,22859.85,55,"si"
38,1,2,2.0741,2,108,15.26696,62269.23,1750,90,"si"
39,1.4091,3,2.2222,1,122,15.98679,292857.2,71570.55,225,"no"
40,1,1.9556,1.2833,1.3673,87,15.51853,22207.04,22859.85,171,"no"
38,1,1,1.2833,1.3673,80,17.20208,22207.04,16000,120,"si"
38,1,2,1.2833,1.3673,101,17.87421,22207.04,9000,90,"si"
45,1,4,1,1.3673,228,30.94757,22207.04,12000,150,"si"
60,3,2,1,1.3333,244,33.27288,62269.23,15720,250,"no"
37,1,1.9556,1,2,79,13.26483,22207.04,22859.85,60,"si"
33,1,2,1.2833,1.3673,87,15.3966,22207.04,22859.85,100,"si"
28,1,1.9556,1,1.3673,56,10.52058,22207.04,22859.85,40,"si"
41,1,1.9556,1.2833,1,82,15.65214,6000,5000,65,"si"
41,2,1.9556,3,1.3673,160,19.22407,22207.04,5000,180,"si"
34,2,1,1.2833,1.3673,158,27.96163,22207.04,2000,165,"no"
41,1,1.9556,1.2833,1.3673,40,7.134958,22207.04,22859.85,50,"si"
41,1,1,2.0741,1.3333,90,16.64386,62269.23,16624.89,260,"no"
36,1,1.9556,1,1.3673,55,10.33271,22207.04,22859.85,40,"no"
41,2,1,2,1,171,28.5,292857.2,1483,260,"no"
38,1,1.9231,1,1.5357,67,12.27376,17166.67,6884,90,"si"
38,1,1,1.2833,1,132,30.81736,22207.04,15000,100,"si"
42,1,1,1.2833,1.3673,84,18.06219,22207.04,22859.85,85,"si"
23,1,1.9556,1.2833,1.3673,43,7.67008,22207.04,22859.85,50,"no"
33,1,1.9556,1.2833,1.3673,52,9.275445,22207.04,600,40,"no"
37,1,2,1.2833,1,88,16.65626,22207.04,10000,107,"si"
41,1,4.359,1,1.4091,86,11.07092,292857.2,2000,65,"si"
37.4615,1.2228,2,4,1.3673,154,17.92761,22207.04,22859.85,96,"si"
44,2,2,1,1,165,27.5,292857.2,71570.55,350,"no"
25,1.2228,2,1,1.3673,102,18.24654,22207.04,22859.85,60,"si"
31,1,1.9556,1.2833,1.3673,62,11.05918,22207.04,1500,72,"no"
37.4615,2,2,1.2833,1.3673,126,18.94566,22207.04,22859.85,140,"no"
31,1,2,1.2833,1.3673,132,23.36035,8800,2000,85,"si"
37.4615,1,1.9556,1.2833,1.3673,62,11.05918,22207.04,22859.85,36,"no"
37,2,2.2656,2.0741,1.3333,116,15.11795,62269.23,16624.89,70,"si"
39,1,2,1.2833,1.3673,100,17.69724,22207.04,1e+05,120,"si"
40,10,4,2.2222,1.4091,582,33.00948,292857.2,71570.55,100,"si"
28,1,1.9556,1.2833,1.3673,72,12.84292,22207.04,2476,55,"no"
39,1,1.9556,1.2833,1,55,10.49839,40000,48450,80,"no"
41,1,7,1,1.3673,359,34.62811,22207.04,22859.85,430,"si"
36,2,1,1,2,173,28.83333,62269.23,16624.89,200,"no"
39,1,1.9556,1.2833,1.3673,87,15.51853,22207.04,22859.85,100,"no"
43,1,1,2,1.5357,143,25.83232,17166.67,5000,110,"si"
35,1,1.9556,1,1.3673,90,16.90808,22207.04,22859.85,110,"no"
41,1,1.9556,1.2833,1.3673,60,10.70244,22207.04,22859.85,84,"no"
39,2,2.2656,2.0741,1.3333,80,10.42617,62269.23,16624.89,80,"no"
38,1,1.9556,1,1.3673,110,20.66543,2500,13500,65,"si"
39,2,1.9556,1.2833,1.3673,100,15.1373,22207.04,5000,80,"si"
48,1,3,2,1,213,30.42857,292857.2,71570.55,250,"si"
45,1,1,4,1.3333,178,24.27284,62269.23,16624.89,270,"no"
39,1,6,2,1.3333,294,28.4517,62269.23,16624.89,350,"si"
44,1.4091,2,2.2222,1,84,12.6672,292857.2,71570.55,140,"no"
37,2,1,1,1.5357,192,34.68396,17166.67,2000,150,"no"
44,1.3238,2,2,1,134,21.18979,62269.23,8000,125,"si"
36,1,4,1,3,250,27.77778,292857.2,9500,350,"no"
25,1,1.9556,1.2833,1.3673,50,8.918697,22207.04,22859.85,200,"no"
31,1,1,2,1,107,21.4,22207.04,22859.85,160,"si"
41,1,1,2.2222,1,86,16.46815,292857.2,71570.55,250,"no"
41,1,1,2.2222,1,86,16.46815,292857.2,71570.55,250,"no"
39,1,2,3,1.3333,186,25.36375,62269.23,16624.89,213,"no"
38,1,4,1.5946,1.5357,191,23.49237,17166.67,27177.04,217,"si"
37,1,1.9556,1.2833,1,67,12.78894,22207.04,5900,80,"no"
35,1.2228,2,1.2833,1.3673,80,13.62073,22207.04,6000,45,"si"
39,1,1,2,1,137,27.4,1e+05,40000,180,"no"
41,1,5,3,1.3333,284,27.48396,62269.23,16700,350,"no"
36,1.2228,1,1,1,58,13.73496,22207.04,350,200,"no"
39,1,4.359,1,1.4091,110,14.16048,292857.2,15000,86,"si"
42,1,4,1,3,274,30.44444,22207.04,22859.85,250,"si"
39,2,1,1.2833,1,177,33.50179,22207.04,22859.85,150,"si"
40,1,1.9556,1.2833,1.3673,63,11.23756,22207.04,22859.85,44,"no"
41,2,2,1,1.3673,184,28.89765,30000,22859.85,94,"si"
41,1,2.2656,2.0741,1.3333,120,17.98292,62269.23,16624.89,80,"si"
33,1,1.9556,1.2833,1.3673,80,14.26992,22207.04,22859.85,40,"no"
49,1.2857,2,2,2,136,18.6667,17166.67,27177.04,140,"si"
35,2,1.9231,1.5946,1,65,9.972843,17166.67,10000,100,"si"
28,1,1.9556,1.2833,1.3673,60,10.70244,22207.04,2000,42,"si"
41,2,3,2.0741,2,240,26.4489,62269.23,5000,144,"no"
37,1,3,1.2833,1.3673,162,24.3587,22207.04,22859.85,190,"no"
25,1,2.2656,2.0741,1.3333,90,13.48719,62269.23,16624.89,90,"no"
40,1,1,3,1.3333,133,21.00011,62269.23,16624.89,200,"no"
39,1,1,1,1.3333,131,30.231,15000,16624.89,80,"si"
21,3,1.9556,1.2833,1.3673,120,15.7766,65000,80000,340,"no"
35,1.2228,1,1.2833,1.3673,40,8.207822,22207.04,22859.85,60,"no"
31,1,1.9556,1,1.3673,80,15.0294,22207.04,22859.85,60,"no"
42,1,3,2.0741,1,137,19.36642,62269.23,16000,210,"no"
30,1,1.9556,1.2833,1.3673,40,7.134958,22207.04,22859.85,16,"no"
38,1,1.9556,1.2833,1.3673,52,9.275445,22207.04,22859.85,60,"si"
42,2,1,1.5946,1.5357,137,22.34801,17166.67,27177.04,100,"si"
44,1,2,2.2222,2,138,19.10775,292857.2,71570.55,130,"si"
42,1,2.2656,1,2,94,15.00255,62269.23,1900,200,"no"
41,1,4,2.0741,2,204,22.48157,12000,3400,127,"si"
39,1,1.9556,1.2833,1,57,10.88015,22207.04,22859.85,70,"no"
40,1,1,1,1.3333,115,26.53867,62269.23,16624.89,200,"no"
42,1,2.2656,2.0741,1.3333,104,15.58519,62269.23,16624.89,90,"no"
40,1,1,1,2,125,25,150000,50000,190,"no"
41,1,2,1.2833,1,149,28.20207,22207.04,22859.85,100,"si"
39,1,2,1.2833,1.3673,136,24.06824,22207.04,30000,110,"si"
38,1,1.9556,1.2833,1.3673,104,18.55089,22207.04,22859.85,45,"si"
39,1,1.9556,1.2833,1.3673,60,10.70244,22207.04,22859.85,48,"no"
35,1,1,2.0741,1.3333,70,12.94522,62269.23,16624.89,140,"no"
33,1,1,1.5946,3,122,18.49998,17166.67,27177.04,250,"no"
36,1,1.9231,1.5946,2,112,17.18398,17166.67,27177.04,200,"no"
38,1,2.2656,1,1.3333,70,12.50246,62269.23,5000,100,"si"
37,1,1.9231,1.5946,2,113,17.3374,17166.67,5000,220,"no"
39,1,2,1.2833,1.3673,125,22.12154,22207.04,22859.85,180,"si"
44,2,1.9556,1.2833,1.3673,80,12.10984,5000,22859.85,67,"si"
44,2,1.9556,1.2833,1,104,16.66961,22207.04,22859.85,32,"si"
40,1,1.9231,1,1.5357,75,13.73928,20000,27177.04,120,"no"
39,1,2.2656,2.0741,1.3333,65,9.740746,62269.23,15000,110,"no"
42,1,4,2,3,279,27.9,10000,5000,260,"no"
33,1.2228,1,1,1.3673,55,11.98231,22207.04,5000,80,"si"
33,2,2.2656,2.0741,1.3333,104,13.55402,62269.23,16624.89,100,"si"
44,1,1.9231,1.5946,1.5357,72,11.89414,17166.67,27177.04,140,"no"
40,1,1.9556,1.2833,1.3673,60,10.70244,22207.04,22859.85,48,"si"
39,2,1.9556,1,1.3673,82,12.96873,22207.04,22859.85,170,"no"
47,1,3,1,1.4091,224,34.95031,292857.2,2e+05,450,"no"
42,1,2.2656,1,1,84,15.9526,62269.23,6000,110,"no"
34,2,1.9556,1.2833,1.3673,120,18.16475,22207.04,150000,60,"si"
34,1,1.9556,1.2833,1.3673,69,12.3078,22207.04,1000,60,"no"
33,1,1.9556,1.2833,1.3673,45,8.026828,22207.04,22859.85,60,"no"
38,2,1.9556,1.2833,1.3673,50,7.568648,47880,78868,90,"si"
39,1,4,1,1,228,32.57143,17166.67,27177.04,400,"no"
28,2,1.9556,1.2833,1.3673,144,21.7977,1500,22859.85,60,"si"
39,1,1.9556,1.2833,2,100,16.02847,5000,10000,85,"si"
42,2,1.9231,2,1,198,28.59991,17166.67,27177.04,180,"no"
43,2,1,1.2833,1.3673,150,26.54585,10000,22859.85,115,"si"
44,1,3,2.0741,1.3333,167,22.54502,62269.23,5000,40,"si"
36,1,1,1,1,127,31.75,22207.04,15000,90,"si"
38,1,1,1.2833,1.3673,160,34.40416,22207.04,7500,187,"no"
40,1,5,5,1,118,9.833333,17166.67,10000,380,"no"
37,1,1,2,1.3673,152,28.31964,22207.04,22859.85,150,"no"
37,1,1.9556,1.2833,1.3673,78,13.91317,22207.04,22859.85,95,"no"
46,1,3,1,1.4091,192,29.95741,292857.2,71570.55,360,"no"
38,2,3,3,3,294,26.72727,17166.67,1e+05,235,"si"
38,1,2,1,2,168,28,20000,22859.85,110,"si"
45,1,1,1,1.3673,124,28.39283,22207.04,22859.85,150,"si"
39,1,3,1,1,234,39,114000,1e+05,200,"si"
40,1,2,1.2833,1.3673,163,28.84649,22207.04,22859.85,140,"no"
43,1,2,1,1.5357,160,28.9033,17166.67,175000,150,"si"
38,1,1.9556,1.2833,1.3673,85,15.16179,22207.04,22859.85,80,"si"
31,1,1.9231,1.5946,1.5357,65,10.73777,17166.67,27177.04,60,"no"
38,1,2,3,2,210,26.25,17166.67,9000,390,"no"
45,1,1,2.0741,1.3333,103,19.04797,62269.23,16624.89,70,"si"
45,1,2,2.0741,1,161,26.50599,62269.23,120000,220,"no"
44,2,2.2656,2.0741,1,110,14.98699,5000,1e+05,100,"no"
46,1,4,1.5946,1.5357,264,32.47113,17166.67,27177.04,270,"si"
39,1,3,2,1.3333,176,24.00011,60000,30000,300,"no"
41,1,4.359,1,1,120,16.30656,292857.2,71570.55,220,"no"
44,1,2.2656,1,1.3333,140,25.00491,62269.23,5000,110,"si"
37,1,1,1,1.5357,156,34.39381,2500,2500,125,"no"
43,1,2,3,1.5357,122,16.1896,9000,7600,140,"si"
45,1,1,1.2833,1.3673,108,23.22281,22207.04,22859.85,120,"si"
35,1,1.9556,1.2833,1.3673,70,12.48618,22207.04,22859.85,40,"si"
39,1,1,1.2833,1.3673,105,22.57773,20000,22859.85,140,"no"
42,2,3,1,1.3673,250,33.93373,22207.04,22500,130,"si"
40,1,1.9556,1.2833,1.3673,82,14.62666,22207.04,22859.85,75,"no"
40,1,1,1.2833,1,109,25.44767,8600,22859.85,100,"si"
40,2,1,2.2222,1.4091,150,22.62,30000,15000,140,"si"
44,2,1.9556,1.2833,1.3673,110,16.65102,25000,22859.85,60,"si"
48,2,5,5,3,385,25.66667,62269.23,16624.89,1214,"no"
42,1,1,1,1,151,37.75,292857.2,1687,180,"no"
43,1,1.9231,1.5946,1,106,19.2109,17166.67,27177.04,176,"no"
48,3,2.2656,3,1.3333,221,23.02347,62269.23,2450,454,"no"
46,1,1,1,1.3673,117,26.79001,22207.04,22859.85,200,"no"
37,1,1.9231,1,1.5357,104,19.05181,17166.67,80000,100,"no"
40,1,8,9,1,120,6.31579,292857.2,126800,300,"si"
40,1,1,1.5946,1.5357,92,17.93267,17166.67,27177.04,100,"no"
36,1,2,1.5946,2,170,25.77867,17166.67,27177.04,375,"no"
39,1,1.9556,1.2833,1,74,14.1251,22207.04,22859.85,70,"si"
